losses_train,losses_eval,accuracies_eval,accuracies_train
2.2153053283691406,2.2208902435302735,0.14,0.1438
2.5138580799102783,2.510519691467285,0.2075,0.2153
