losses_train,accuracies_eval_nme,accuracies_eval,accuracies_eval_curr,accuracies_train
0.001617498230189085,0.832,0.831,0.831,0.9948
0.010374615900218487,0.756,0.7255,0.855,0.9946
