losses_train,accuracies_eval_nme,accuracies_eval,accuracies_eval_curr,accuracies_train
0.02752838470041752,0.328,0.341,0.341,0.3486
0.04882679507136345,0.2265,0.218,0.424,0.4206
