losses_train,losses_eval,accuracies_eval,accuracies_eval_curr,accuracies_train
1.9657783508300781,1.9896777801513672,0.239,0.239,0.2614
2.0024120807647705,5.051149559020996,0.133,0.266,0.2684
