losses_train,accuracies_eval_nme,accuracies_eval,accuracies_eval_curr,accuracies_train
0.018629977479577065,0.562,0.578,0.578,0.5828
0.04160532355308533,0.3415,0.334,0.471,0.5026
