losses_train,losses_eval,accuracies_eval,accuracies_train
2.177521228790283,2.227798629760742,0.157,0.1838
2.4569852352142334,2.518783866882324,0.196,0.2039
