losses_train,losses_eval,accuracies_eval,accuracies_train
1.6497700214385986,3.0213840942382815,0.44,0.49533333333333335
1.2364089488983154,6.608367645263672,0.257,0.5635555555555556
