losses_train,accuracies_eval_nme,accuracies_eval,accuracies_eval_curr,accuracies_train
0.026923861354589462,0.339,0.329,0.329,0.3456
0.04851566627621651,0.2245,0.2095,0.434,0.4456
