losses_train,losses_eval,accuracies_eval,accuracies_train
1.5014277696609497,2.2727949066162108,0.519,0.4898
0.7182934880256653,6.783715072631836,0.324,0.727
