losses_train,accuracies_eval_nme,accuracies_eval,accuracies_eval_curr,accuracies_train
0.027492590248584747,0.335,0.312,0.312,0.3334
0.05523977801203728,0.1855,0.141,0.266,0.2514
