losses_train,accuracies_eval_nme,accuracies_eval,accuracies_eval_curr,accuracies_train
0.020328296348452568,0.605,0.618,0.618,0.6198
0.03872564062476158,0.3865,0.385,0.535,0.5302
